[{"_id":{"$oid":"6690e551f691b83532e054bd"},"name":"Dashborad Page","route":"/dashboard","disc":"This is Permission is need for see Dashborad Page ","createdAt":"1403/04/22 11:42:01","updatedAt":"1403/04/22 11:42:01","__v":0},
{"_id":{"$oid":"6690e551f691b83532e054c6"},"name":"Dashborad Page","route":"/dashboard/product","disc":"This is Permission is need for see Dashborad Page ","createdAt":"1403/04/22 11:42:01","updatedAt":"1403/04/22 11:42:01","__v":0},
{"_id":{"$oid":"6690e551f691b83532e054c8"},"name":"Dashborad Page","route":"/dashboard/apibox","disc":"This is Permission is need for see Dashborad Page ","createdAt":"1403/04/22 11:42:01","updatedAt":"1403/04/22 11:42:01","__v":0},
{"_id":{"$oid":"6690e551f691b83532e054ca"},"name":"Dashborad Page","route":"/apibox/apiBoxList","disc":"This is Permission is need for see Dashborad Page ","createdAt":"1403/04/22 11:42:01","updatedAt":"1403/04/22 11:42:01","__v":0},
{"_id":{"$oid":"6690e551f691b83532e054cc"},"name":"Dashborad Page","route":"/apibox/addApiBox","disc":"This is Permission is need for see Dashborad Page ","createdAt":"1403/04/22 11:42:01","updatedAt":"1403/04/22 11:42:01","__v":0},
{"_id":{"$oid":"6690e551f691b83532e054ce"},"name":"Dashborad Page","route":"/dashboard/admintradeportal","disc":"This is Permission is need for see Dashborad Page ","createdAt":"1403/04/22 11:42:01","updatedAt":"1403/04/22 11:42:01","__v":0},
{"_id":{"$oid":"6690e551f691b83532e054d0"},"name":"Dashborad Page","route":"/history/historyList","disc":"This is Permission is need for see Dashborad Page ","createdAt":"1403/04/22 11:42:01","updatedAt":"1403/04/22 11:42:01","__v":0},
{"_id":{"$oid":"6690e551f691b83532e054d2"},"name":"Dashborad Page","route":"/product/updateProduct","disc":"This is Permission is need for see Dashborad Page ","createdAt":"1403/04/22 11:42:01","updatedAt":"1403/04/22 11:42:01","__v":0},
{"_id":{"$oid":"6690e551f691b83532e054d4"},"name":"Dashborad Page","route":"/product/updateAllProductPrices","disc":"This is Permission is need for see Dashborad Page ","createdAt":"1403/04/22 11:42:01","updatedAt":"1403/04/22 11:42:01","__v":0},
{"_id":{"$oid":"6690e551f691b83532e054d6"},"name":"Dashborad Page","route":"/product/searchProduct","disc":"This is Permission is need for see Dashborad Page ","createdAt":"1403/04/22 11:42:01","updatedAt":"1403/04/22 11:42:01","__v":0},
{"_id":{"$oid":"6690e551f691b83532e054d8"},"name":"Dashborad Page","route":"/product/createProduct","disc":"This is Permission is need for see Dashborad Page ","createdAt":"1403/04/22 11:42:01","updatedAt":"1403/04/22 11:42:01","__v":0},
{"_id":{"$oid":"6690e551f691b83532e054da"},"name":"Dashborad Page","route":"/dashboard/history","disc":"This is Permission is need for see Dashborad Page ","createdAt":"1403/04/22 11:42:01","updatedAt":"1403/04/22 11:42:01","__v":0},
{"_id":{"$oid":"6690e551f691b83532e054dc"},"name":"Dashborad Page","route":"/dashboard/filemanager","disc":"This is Permission is need for see Dashborad Page ","createdAt":"1403/04/22 11:42:01","updatedAt":"1403/04/22 11:42:01","__v":0},
{"_id":{"$oid":"6690e551f691b83532e054de"},"name":"Dashborad Page","route":"/dashboard/category","disc":"This is Permission is need for see Dashborad Page ","createdAt":"1403/04/22 11:42:01","updatedAt":"1403/04/22 11:42:01","__v":0},
{"_id":{"$oid":"6690e551f691b83532e054e0"},"name":"Dashborad Page","route":"/dashboard/post/createPost","disc":"This is Permission is need for see Dashborad Page ","createdAt":"1403/04/22 11:42:01","updatedAt":"1403/04/22 11:42:01","__v":0},
{"_id":{"$oid":"6690e551f691b83532e054e2"},"name":"Dashborad Page","route":"/dashboard/post/postList","disc":"This is Permission is need for see Dashborad Page ","createdAt":"1403/04/22 11:42:01","updatedAt":"1403/04/22 11:42:01","__v":0},
{"_id":{"$oid":"6690e551f691b83532e054e4"},"name":"Dashborad Page","route":"/dashboard/role","disc":"This is Permission is need for see Dashborad Page ","createdAt":"1403/04/22 11:42:01","updatedAt":"1403/04/22 11:42:01","__v":0},
{"_id":{"$oid":"6690e551f691b83532e054e6"},"name":"Dashborad Page","route":"/dashboard/user","disc":"This is Permission is need for see Dashborad Page ","createdAt":"1403/04/22 11:42:01","updatedAt":"1403/04/22 11:42:01","__v":0},
{"_id":{"$oid":"6690e551f691b83532e054e8"},"name":"Role List","route":"/user/registerPure","disc":"This is Permission is need for get Roles ","createdAt":"1403/04/22 11:42:01","updatedAt":"1403/04/22 11:42:01","__v":0},
{"_id":{"$oid":"6690e551f691b83532e054ea"},"name":"Role List","route":"/user/updateRegisterPure","disc":"This is Permission is need for get Roles ","createdAt":"1403/04/22 11:42:01","updatedAt":"1403/04/22 11:42:01","__v":0},
{"_id":{"$oid":"6690e551f691b83532e054ec"},"name":"Role List","route":"/user/boxProducts","disc":"This is Permission is need for get Roles ","createdAt":"1403/04/22 11:42:01","updatedAt":"1403/04/22 11:42:01","__v":0},
{"_id":{"$oid":"6690e551f691b83532e054ee"},"name":"Role List","route":"/user/sellBoxProducts","disc":"This is Permission is need for get Roles ","createdAt":"1403/04/22 11:42:01","updatedAt":"1403/04/22 11:42:01","__v":0},
{"_id":{"$oid":"6690e551f691b83532e054f0"},"name":"Role List","route":"/user/sellProducts","disc":"This is Permission is need for get Roles ","createdAt":"1403/04/22 11:42:01","updatedAt":"1403/04/22 11:42:01","__v":0},
{"_id":{"$oid":"6690e551f691b83532e054f2"},"name":"Role List","route":"/user/buyProducts","disc":"This is Permission is need for get Roles ","createdAt":"1403/04/22 11:42:01","updatedAt":"1403/04/22 11:42:01","__v":0},
{"_id":{"$oid":"6690e551f691b83532e054f4"},"name":"Role List","route":"/user/searchUser","disc":"This is Permission is need for get Roles ","createdAt":"1403/04/22 11:42:01","updatedAt":"1403/04/22 11:42:01","__v":0},
{"_id":{"$oid":"6690e551f691b83532e054f6"},"name":"Role List","route":"/user/userList","disc":"This is Permission is need for get Roles ","createdAt":"1403/04/22 11:42:01","updatedAt":"1403/04/22 11:42:01","__v":0},
{"_id":{"$oid":"6690e551f691b83532e054f8"},"name":"Role List","route":"/role/roleList","disc":"This is Permission is need for get Roles ","createdAt":"1403/04/22 11:42:01","updatedAt":"1403/04/22 11:42:01","__v":0},
{"_id":{"$oid":"6690e551f691b83532e054fa"},"name":"Role List","route":"/role/createRole","disc":"This is Permission is need for get Roles ","createdAt":"1403/04/22 11:42:01","updatedAt":"1403/04/22 11:42:01","__v":0},
{"_id":{"$oid":"6690e551f691b83532e054fc"},"name":"Role List","route":"/role/deleteRole","disc":"This is Permission is need for get Roles ","createdAt":"1403/04/22 11:42:01","updatedAt":"1403/04/22 11:42:01","__v":0},
{"_id":{"$oid":"6690e551f691b83532e054fe"},"name":"Role List","route":"/role/updateRole","disc":"This is Permission is need for get Roles ","createdAt":"1403/04/22 11:42:01","updatedAt":"1403/04/22 11:42:01","__v":0},
{"_id":{"$oid":"6690e551f691b83532e05500"},"name":"Role List","route":"/permission/togglePermission","disc":"This is Permission is need for get Roles ","createdAt":"1403/04/22 11:42:01","updatedAt":"1403/04/22 11:42:01","__v":0},
{"_id":{"$oid":"6690e551f691b83532e05502"},"name":"Role List","route":"/category/createCategory","disc":"This is Permission is need for get Roles ","createdAt":"1403/04/22 11:42:01","updatedAt":"1403/04/22 11:42:01","__v":0},
{"_id":{"$oid":"6690e551f691b83532e05504"},"name":"Role List","route":"/category/deleteCategory","disc":"This is Permission is need for get Roles ","createdAt":"1403/04/22 11:42:01","updatedAt":"1403/04/22 11:42:01","__v":0},
{"_id":{"$oid":"6690e551f691b83532e05506"},"name":"Role List","route":"/category/updateCategory","disc":"This is Permission is need for get Roles ","createdAt":"1403/04/22 11:42:01","updatedAt":"1403/04/22 11:42:01","__v":0},
{"_id":{"$oid":"6690e551f691b83532e05508"},"name":"Role List","route":"/category/categoryList","disc":"This is Permission is need for get Roles ","createdAt":"1403/04/22 11:42:01","updatedAt":"1403/04/22 11:42:01","__v":0},
{"_id":{"$oid":"6690e551f691b83532e0550a"},"name":"Role List","route":"/post/postList","disc":"This is Permission is need for get Roles ","createdAt":"1403/04/22 11:42:01","updatedAt":"1403/04/22 11:42:01","__v":0},
{"_id":{"$oid":"6690e551f691b83532e0550c"},"name":"Role List","route":"/post/postSerach","disc":"This is Permission is need for get Roles ","createdAt":"1403/04/22 11:42:01","updatedAt":"1403/04/22 11:42:01","__v":0},
{"_id":{"$oid":"6690e551f691b83532e0550e"},"name":"Role List","route":"/post/createPost","disc":"This is Permission is need for get Roles ","createdAt":"1403/04/22 11:42:01","updatedAt":"1403/04/22 11:42:01","__v":0},
{"_id":{"$oid":"6690e551f691b83532e05510"},"name":"Role List","route":"/post/updatePost","disc":"This is Permission is need for get Roles ","createdAt":"1403/04/22 11:42:01","updatedAt":"1403/04/22 11:42:01","__v":0},
{"_id":{"$oid":"6690e551f691b83532e05512"},"name":"Role List","route":"/post/deletePost","disc":"This is Permission is need for get Roles ","createdAt":"1403/04/22 11:42:01","updatedAt":"1403/04/22 11:42:01","__v":0},
{"_id":{"$oid":"6690e551f691b83532e05514"},"name":"Role List","route":"/file/saveFile","disc":"This is Permission is need for get Roles ","createdAt":"1403/04/22 11:42:01","updatedAt":"1403/04/22 11:42:01","__v":0},
{"_id":{"$oid":"6690e551f691b83532e05516"},"name":"Role List","route":"/file/deleteFolder","disc":"This is Permission is need for get Roles ","createdAt":"1403/04/22 11:42:01","updatedAt":"1403/04/22 11:42:01","__v":0},
{"_id":{"$oid":"6690e551f691b83532e05518"},"name":"Role List","route":"/file/deleteFile","disc":"This is Permission is need for get Roles ","createdAt":"1403/04/22 11:42:01","updatedAt":"1403/04/22 11:42:01","__v":0},
{"_id":{"$oid":"6690e551f691b83532e0551a"},"name":"Role List","route":"/file/folderFileList","disc":"This is Permission is need for get Roles ","createdAt":"1403/04/22 11:42:01","updatedAt":"1403/04/22 11:42:01","__v":0},
{"_id":{"$oid":"6690e551f691b83532e0551c"},"name":"Role List","route":"/file/createFolder","disc":"This is Permission is need for get Roles ","createdAt":"1403/04/22 11:42:01","updatedAt":"1403/04/22 11:42:01","__v":0},
{"_id":{"$oid":"6690e551f691b83532e0551e"},"name":"Role List","route":"/file/rename","disc":"This is Permission is need for get Roles ","createdAt":"1403/04/22 11:42:01","updatedAt":"1403/04/22 11:42:01","__v":0},
{"_id":{"$oid":"6690e551f691b83532e05520"},"name":"Role List","route":"/user/userPermissions","disc":"This is Permission is need for get Roles ","createdAt":"1403/04/22 11:42:01","updatedAt":"1403/04/22 11:42:01","__v":0},
{"_id":{"$oid":"6690e551f691b83532e05522"},"name":"Role List","route":"/site/updateFirstPage","disc":"This is Permission is need for get Roles ","createdAt":"1403/04/22 11:42:01","updatedAt":"1403/04/22 11:42:01","__v":0},
{"_id":{"$oid":"6690e551f691b83532e05524"},"name":"Role List","route":"/product/productList","disc":"This is Permission is need for get Roles ","createdAt":"1403/04/22 11:42:01","updatedAt":"1403/04/22 11:42:01","__v":0}]