{
    "/dashboard": {
        "name": "Dashborad Page",
        "disc": "This is Permission is need for see Dashborad Page "
    },
    "/smsHistory/smsHistoryList": {
        "name": "Dashborad Page",
        "disc": "This is Permission is need for see Dashborad Page "
    },
    "/smsHistory/deleteSmsHistory": {
        "name": "Dashborad Page",
        "disc": "This is Permission is need for see Dashborad Page "
    },
    "/smsTemplate/createSmsTemplate": {
        "name": "Dashborad Page",
        "disc": "This is Permission is need for see Dashborad Page "
    },
    "/smsTemplate/sendSmsToUser": {
        "name": "Dashborad Page",
        "disc": "This is Permission is need for see Dashborad Page "
    },
    "/smsTemplate/deleteSmsTemplate": {
        "name": "Dashborad Page",
        "disc": "This is Permission is need for see Dashborad Page "
    },
    "/smsTemplate/SmsTemplateList": {
        "name": "Dashborad Page",
        "disc": "This is Permission is need for see Dashborad Page "
    },
    "/dashboard/product": {
        "name": "Dashborad Page",
        "disc": "This is Permission is need for see Dashborad Page "
    },
    "/dashboard/smshistory": {
        "name": "Dashborad Page",
        "disc": "This is Permission is need for see Dashborad Page "
    },
    "/dashboard/sms": {
        "name": "Dashborad Page",
        "disc": "This is Permission is need for see Dashborad Page "
    },
    "/dashboard/apibox": {
        "name": "Dashborad Page",
        "disc": "This is Permission is need for see Dashborad Page "
    },
    "/apibox/apiBoxList": {
        "name": "Dashborad Page",
        "disc": "This is Permission is need for see Dashborad Page "
    },
    "/apibox/updateApiBox": {
        "name": "Dashborad Page",
        "disc": "This is Permission is need for see Dashborad Page "
    },
    "/apibox/addApiBox": {
        "name": "Dashborad Page",
        "disc": "This is Permission is need for see Dashborad Page "
    },
    "/dashboard/admintradeportal": {
        "name": "Dashborad Page",
        "disc": "This is Permission is need for see Dashborad Page "
    },
    "/history/historyList": {
        "name": "Dashborad Page",
        "disc": "This is Permission is need for see Dashborad Page "
    },
    "/product/updateProduct": {
        "name": "Dashborad Page",
        "disc": "This is Permission is need for see Dashborad Page "
    },
    "/product/updateAllProductPrices": {
        "name": "Dashborad Page",
        "disc": "This is Permission is need for see Dashborad Page "
    },
    "/product/searchProduct": {
        "name": "Dashborad Page",
        "disc": "This is Permission is need for see Dashborad Page "
    },
    "/product/createProduct": {
        "name": "Dashborad Page",
        "disc": "This is Permission is need for see Dashborad Page "
    },
    "/dashboard/history": {
        "name": "Dashborad Page",
        "disc": "This is Permission is need for see Dashborad Page "
    },
    "/dashboard/filemanager": {
        "name": "Dashborad Page",
        "disc": "This is Permission is need for see Dashborad Page "
    },
    "/dashboard/category": {
        "name": "Dashborad Page",
        "disc": "This is Permission is need for see Dashborad Page "
    },
    "/dashboard/post/createPost": {
        "name": "Dashborad Page",
        "disc": "This is Permission is need for see Dashborad Page "
    },
    "/dashboard/post/postList": {
        "name": "Dashborad Page",
        "disc": "This is Permission is need for see Dashborad Page "
    },
    "/dashboard/role": {
        "name": "Dashborad Page",
        "disc": "This is Permission is need for see Dashborad Page "
    },
    "/dashboard/user": {
        "name": "Dashborad Page",
        "disc": "This is Permission is need for see Dashborad Page "
    },
    "/user/registerPure": {
        "name": "Role List", 
        "disc": "This is Permission is need for get Roles "
    },
    "/user/updateRegisterPure": {
        "name": "Role List", 
        "disc": "This is Permission is need for get Roles "
    },
    "/user/boxProducts": {
        "name": "Role List", 
        "disc": "This is Permission is need for get Roles "
    },
    "/user/sellBoxProducts": {
        "name": "Role List", 
        "disc": "This is Permission is need for get Roles "
    },
    "/user/sellProducts": {
        "name": "Role List", 
        "disc": "This is Permission is need for get Roles "
    },
    "/user/buyProducts": {
        "name": "Role List", 
        "disc": "This is Permission is need for get Roles "
    },
    "/user/searchUser": {
        "name": "Role List", 
        "disc": "This is Permission is need for get Roles "
    },
    "/user/userList": {
        "name": "Role List", 
        "disc": "This is Permission is need for get Roles "
    },
    "/role/roleList": {
        "name": "Role List", 
        "disc": "This is Permission is need for get Roles "
    },
    "/role/createRole": {
        "name": "Role List", 
        "disc": "This is Permission is need for get Roles "
    },
    "/role/deleteRole": {
        "name": "Role List", 
        "disc": "This is Permission is need for get Roles "
    },
    "/role/updateRole": {
        "name": "Role List", 
        "disc": "This is Permission is need for get Roles "
    },
    "/permission/togglePermission": {
        "name": "Role List", 
        "disc": "This is Permission is need for get Roles "
    },
    "/category/createCategory": {
        "name": "Role List", 
        "disc": "This is Permission is need for get Roles "
    },
    "/category/deleteCategory": {
        "name": "Role List", 
        "disc": "This is Permission is need for get Roles "
    },
    "/category/updateCategory": {
        "name": "Role List", 
        "disc": "This is Permission is need for get Roles "
    },
    "/category/categoryList": {
        "name": "Role List", 
        "disc": "This is Permission is need for get Roles "
    },
    "/post/postList": {
        "name": "Role List", 
        "disc": "This is Permission is need for get Roles "
    },
    "/post/postSerach": {
        "name": "Role List", 
        "disc": "This is Permission is need for get Roles "
    },
    "/post/createPost": {
        "name": "Role List", 
        "disc": "This is Permission is need for get Roles "
    },
    "/post/updatePost": {
        "name": "Role List", 
        "disc": "This is Permission is need for get Roles "
    },
    "/post/deletePost": {
        "name": "Role List", 
        "disc": "This is Permission is need for get Roles "
    },
    "/file/saveFile": {
        "name": "Role List", 
        "disc": "This is Permission is need for get Roles "
    },
    "/file/deleteFolder": {
        "name": "Role List", 
        "disc": "This is Permission is need for get Roles "
    },
    "/file/deleteFile": {
        "name": "Role List", 
        "disc": "This is Permission is need for get Roles "
    },
    "/file/folderFileList": {
        "name": "Role List", 
        "disc": "This is Permission is need for get Roles "
    },
    "/file/createFolder": {
        "name": "Role List", 
        "disc": "This is Permission is need for get Roles "
    },
    "/file/rename": {
        "name": "Role List", 
        "disc": "This is Permission is need for get Roles "
    },
    "/user/userInformation": {
        "name": "Role List", 
        "disc": "This is Permission is need for get Roles "
    },
    "/site/updateFirstPage": {
        "name": "Role List", 
        "disc": "This is Permission is need for get Roles "
    },
    "/product/productList": {
        "name": "Role List", 
        "disc": "This is Permission is need for get Roles "
    }
}