[{"_id":{"$oid":"66bf0e008d3f016fe79fdbd6"},"name":"طلا 18 عیار","apiPath":"137120","buyPrice":0,"sellPrice":0,"cBuyPrice":0,"cSellPrice":0,"formulaBuy":"p","formulaSell":"p","createdAt":"1403/05/26 11:59:52","updatedAt":"1403/05/26 11:59:52","__v":0},
{"_id":{"$oid":"66bf0e008d3f016fe79fdbd7"},"name":"طلا 24 عیار","apiPath":"137121","buyPrice":0,"sellPrice":0,"cBuyPrice":0,"cSellPrice":0,"formulaBuy":"p","formulaSell":"p","createdAt":"1403/05/26 11:59:52","updatedAt":"1403/05/26 11:59:52","__v":0},
{"_id":{"$oid":"66bf0e008d3f016fe79fdbd8"},"name":"مظنه  طلا","apiPath":"137119","buyPrice":0,"sellPrice":0,"cBuyPrice":0,"cSellPrice":0,"formulaBuy":"p","formulaSell":"p","createdAt":"1403/05/26 11:59:52","updatedAt":"1403/05/26 11:59:52","__v":0},
{"_id":{"$oid":"66bf0e008d3f016fe79fdbd9"},"name":"سکه تمام امامی","apiPath":"137137","buyPrice":0,"sellPrice":0,"cBuyPrice":0,"cSellPrice":0,"formulaBuy":"p","formulaSell":"p","createdAt":"1403/05/26 11:59:52","updatedAt":"1403/05/26 11:59:52","__v":0}]