[{"_id":{"$oid":"66bf0e008d3f016fe79fdad3"},"name":"Dashborad Page","route":"/dashboard","disc":"This is Permission is need for see Dashborad Page ","createdAt":"1403/05/26 11:59:52","updatedAt":"1403/05/26 11:59:52","__v":0},
{"_id":{"$oid":"66bf0e008d3f016fe79fdadc"},"name":"Dashborad Page","route":"/dashboard/product","disc":"This is Permission is need for see Dashborad Page ","createdAt":"1403/05/26 11:59:52","updatedAt":"1403/05/26 11:59:52","__v":0},
{"_id":{"$oid":"66bf0e008d3f016fe79fdade"},"name":"Dashborad Page","route":"/dashboard/apibox","disc":"This is Permission is need for see Dashborad Page ","createdAt":"1403/05/26 11:59:52","updatedAt":"1403/05/26 11:59:52","__v":0},
{"_id":{"$oid":"66bf0e008d3f016fe79fdae0"},"name":"Dashborad Page","route":"/apibox/apiBoxList","disc":"This is Permission is need for see Dashborad Page ","createdAt":"1403/05/26 11:59:52","updatedAt":"1403/05/26 11:59:52","__v":0},
{"_id":{"$oid":"66bf0e008d3f016fe79fdae2"},"name":"Dashborad Page","route":"/apibox/updateApiBox","disc":"This is Permission is need for see Dashborad Page ","createdAt":"1403/05/26 11:59:52","updatedAt":"1403/05/26 11:59:52","__v":0},
{"_id":{"$oid":"66bf0e008d3f016fe79fdae4"},"name":"Dashborad Page","route":"/apibox/addApiBox","disc":"This is Permission is need for see Dashborad Page ","createdAt":"1403/05/26 11:59:52","updatedAt":"1403/05/26 11:59:52","__v":0},
{"_id":{"$oid":"66bf0e008d3f016fe79fdae6"},"name":"Dashborad Page","route":"/dashboard/admintradeportal","disc":"This is Permission is need for see Dashborad Page ","createdAt":"1403/05/26 11:59:52","updatedAt":"1403/05/26 11:59:52","__v":0},
{"_id":{"$oid":"66bf0e008d3f016fe79fdae8"},"name":"Dashborad Page","route":"/history/historyList","disc":"This is Permission is need for see Dashborad Page ","createdAt":"1403/05/26 11:59:52","updatedAt":"1403/05/26 11:59:52","__v":0},
{"_id":{"$oid":"66bf0e008d3f016fe79fdaea"},"name":"Dashborad Page","route":"/product/updateProduct","disc":"This is Permission is need for see Dashborad Page ","createdAt":"1403/05/26 11:59:52","updatedAt":"1403/05/26 11:59:52","__v":0},
{"_id":{"$oid":"66bf0e008d3f016fe79fdaec"},"name":"Dashborad Page","route":"/product/updateAllProductPrices","disc":"This is Permission is need for see Dashborad Page ","createdAt":"1403/05/26 11:59:52","updatedAt":"1403/05/26 11:59:52","__v":0},
{"_id":{"$oid":"66bf0e008d3f016fe79fdaee"},"name":"Dashborad Page","route":"/product/searchProduct","disc":"This is Permission is need for see Dashborad Page ","createdAt":"1403/05/26 11:59:52","updatedAt":"1403/05/26 11:59:52","__v":0},
{"_id":{"$oid":"66bf0e008d3f016fe79fdaf0"},"name":"Dashborad Page","route":"/product/createProduct","disc":"This is Permission is need for see Dashborad Page ","createdAt":"1403/05/26 11:59:52","updatedAt":"1403/05/26 11:59:52","__v":0},
{"_id":{"$oid":"66bf0e008d3f016fe79fdaf2"},"name":"Dashborad Page","route":"/dashboard/history","disc":"This is Permission is need for see Dashborad Page ","createdAt":"1403/05/26 11:59:52","updatedAt":"1403/05/26 11:59:52","__v":0},
{"_id":{"$oid":"66bf0e008d3f016fe79fdaf4"},"name":"Dashborad Page","route":"/dashboard/filemanager","disc":"This is Permission is need for see Dashborad Page ","createdAt":"1403/05/26 11:59:52","updatedAt":"1403/05/26 11:59:52","__v":0},
{"_id":{"$oid":"66bf0e008d3f016fe79fdaf6"},"name":"Dashborad Page","route":"/dashboard/category","disc":"This is Permission is need for see Dashborad Page ","createdAt":"1403/05/26 11:59:52","updatedAt":"1403/05/26 11:59:52","__v":0},
{"_id":{"$oid":"66bf0e008d3f016fe79fdaf8"},"name":"Dashborad Page","route":"/dashboard/post/createPost","disc":"This is Permission is need for see Dashborad Page ","createdAt":"1403/05/26 11:59:52","updatedAt":"1403/05/26 11:59:52","__v":0},
{"_id":{"$oid":"66bf0e008d3f016fe79fdafa"},"name":"Dashborad Page","route":"/dashboard/post/postList","disc":"This is Permission is need for see Dashborad Page ","createdAt":"1403/05/26 11:59:52","updatedAt":"1403/05/26 11:59:52","__v":0},
{"_id":{"$oid":"66bf0e008d3f016fe79fdafc"},"name":"Dashborad Page","route":"/dashboard/role","disc":"This is Permission is need for see Dashborad Page ","createdAt":"1403/05/26 11:59:52","updatedAt":"1403/05/26 11:59:52","__v":0},
{"_id":{"$oid":"66bf0e008d3f016fe79fdafe"},"name":"Dashborad Page","route":"/dashboard/user","disc":"This is Permission is need for see Dashborad Page ","createdAt":"1403/05/26 11:59:52","updatedAt":"1403/05/26 11:59:52","__v":0},
{"_id":{"$oid":"66bf0e008d3f016fe79fdb00"},"name":"Role List","route":"/user/registerPure","disc":"This is Permission is need for get Roles ","createdAt":"1403/05/26 11:59:52","updatedAt":"1403/05/26 11:59:52","__v":0},
{"_id":{"$oid":"66bf0e008d3f016fe79fdb02"},"name":"Role List","route":"/user/updateRegisterPure","disc":"This is Permission is need for get Roles ","createdAt":"1403/05/26 11:59:52","updatedAt":"1403/05/26 11:59:52","__v":0},
{"_id":{"$oid":"66bf0e008d3f016fe79fdb04"},"name":"Role List","route":"/user/boxProducts","disc":"This is Permission is need for get Roles ","createdAt":"1403/05/26 11:59:52","updatedAt":"1403/05/26 11:59:52","__v":0},
{"_id":{"$oid":"66bf0e008d3f016fe79fdb06"},"name":"Role List","route":"/user/sellBoxProducts","disc":"This is Permission is need for get Roles ","createdAt":"1403/05/26 11:59:52","updatedAt":"1403/05/26 11:59:52","__v":0},
{"_id":{"$oid":"66bf0e008d3f016fe79fdb08"},"name":"Role List","route":"/user/sellProducts","disc":"This is Permission is need for get Roles ","createdAt":"1403/05/26 11:59:52","updatedAt":"1403/05/26 11:59:52","__v":0},
{"_id":{"$oid":"66bf0e008d3f016fe79fdb0a"},"name":"Role List","route":"/user/buyProducts","disc":"This is Permission is need for get Roles ","createdAt":"1403/05/26 11:59:52","updatedAt":"1403/05/26 11:59:52","__v":0},
{"_id":{"$oid":"66bf0e008d3f016fe79fdb0c"},"name":"Role List","route":"/user/searchUser","disc":"This is Permission is need for get Roles ","createdAt":"1403/05/26 11:59:52","updatedAt":"1403/05/26 11:59:52","__v":0},
{"_id":{"$oid":"66bf0e008d3f016fe79fdb0e"},"name":"Role List","route":"/user/userList","disc":"This is Permission is need for get Roles ","createdAt":"1403/05/26 11:59:52","updatedAt":"1403/05/26 11:59:52","__v":0},
{"_id":{"$oid":"66bf0e008d3f016fe79fdb10"},"name":"Role List","route":"/role/roleList","disc":"This is Permission is need for get Roles ","createdAt":"1403/05/26 11:59:52","updatedAt":"1403/05/26 11:59:52","__v":0},
{"_id":{"$oid":"66bf0e008d3f016fe79fdb12"},"name":"Role List","route":"/role/createRole","disc":"This is Permission is need for get Roles ","createdAt":"1403/05/26 11:59:52","updatedAt":"1403/05/26 11:59:52","__v":0},
{"_id":{"$oid":"66bf0e008d3f016fe79fdb14"},"name":"Role List","route":"/role/deleteRole","disc":"This is Permission is need for get Roles ","createdAt":"1403/05/26 11:59:52","updatedAt":"1403/05/26 11:59:52","__v":0},
{"_id":{"$oid":"66bf0e008d3f016fe79fdb16"},"name":"Role List","route":"/role/updateRole","disc":"This is Permission is need for get Roles ","createdAt":"1403/05/26 11:59:52","updatedAt":"1403/05/26 11:59:52","__v":0},
{"_id":{"$oid":"66bf0e008d3f016fe79fdb18"},"name":"Role List","route":"/permission/togglePermission","disc":"This is Permission is need for get Roles ","createdAt":"1403/05/26 11:59:52","updatedAt":"1403/05/26 11:59:52","__v":0},
{"_id":{"$oid":"66bf0e008d3f016fe79fdb1a"},"name":"Role List","route":"/category/createCategory","disc":"This is Permission is need for get Roles ","createdAt":"1403/05/26 11:59:52","updatedAt":"1403/05/26 11:59:52","__v":0},
{"_id":{"$oid":"66bf0e008d3f016fe79fdb1c"},"name":"Role List","route":"/category/deleteCategory","disc":"This is Permission is need for get Roles ","createdAt":"1403/05/26 11:59:52","updatedAt":"1403/05/26 11:59:52","__v":0},
{"_id":{"$oid":"66bf0e008d3f016fe79fdb1e"},"name":"Role List","route":"/category/updateCategory","disc":"This is Permission is need for get Roles ","createdAt":"1403/05/26 11:59:52","updatedAt":"1403/05/26 11:59:52","__v":0},
{"_id":{"$oid":"66bf0e008d3f016fe79fdb20"},"name":"Role List","route":"/category/categoryList","disc":"This is Permission is need for get Roles ","createdAt":"1403/05/26 11:59:52","updatedAt":"1403/05/26 11:59:52","__v":0},
{"_id":{"$oid":"66bf0e008d3f016fe79fdb22"},"name":"Role List","route":"/post/postList","disc":"This is Permission is need for get Roles ","createdAt":"1403/05/26 11:59:52","updatedAt":"1403/05/26 11:59:52","__v":0},
{"_id":{"$oid":"66bf0e008d3f016fe79fdb24"},"name":"Role List","route":"/post/postSerach","disc":"This is Permission is need for get Roles ","createdAt":"1403/05/26 11:59:52","updatedAt":"1403/05/26 11:59:52","__v":0},
{"_id":{"$oid":"66bf0e008d3f016fe79fdb26"},"name":"Role List","route":"/post/createPost","disc":"This is Permission is need for get Roles ","createdAt":"1403/05/26 11:59:52","updatedAt":"1403/05/26 11:59:52","__v":0},
{"_id":{"$oid":"66bf0e008d3f016fe79fdb28"},"name":"Role List","route":"/post/updatePost","disc":"This is Permission is need for get Roles ","createdAt":"1403/05/26 11:59:52","updatedAt":"1403/05/26 11:59:52","__v":0},
{"_id":{"$oid":"66bf0e008d3f016fe79fdb2a"},"name":"Role List","route":"/post/deletePost","disc":"This is Permission is need for get Roles ","createdAt":"1403/05/26 11:59:52","updatedAt":"1403/05/26 11:59:52","__v":0},
{"_id":{"$oid":"66bf0e008d3f016fe79fdb2c"},"name":"Role List","route":"/file/saveFile","disc":"This is Permission is need for get Roles ","createdAt":"1403/05/26 11:59:52","updatedAt":"1403/05/26 11:59:52","__v":0},
{"_id":{"$oid":"66bf0e008d3f016fe79fdb2e"},"name":"Role List","route":"/file/deleteFolder","disc":"This is Permission is need for get Roles ","createdAt":"1403/05/26 11:59:52","updatedAt":"1403/05/26 11:59:52","__v":0},
{"_id":{"$oid":"66bf0e008d3f016fe79fdb30"},"name":"Role List","route":"/file/deleteFile","disc":"This is Permission is need for get Roles ","createdAt":"1403/05/26 11:59:52","updatedAt":"1403/05/26 11:59:52","__v":0},
{"_id":{"$oid":"66bf0e008d3f016fe79fdb32"},"name":"Role List","route":"/file/folderFileList","disc":"This is Permission is need for get Roles ","createdAt":"1403/05/26 11:59:52","updatedAt":"1403/05/26 11:59:52","__v":0},
{"_id":{"$oid":"66bf0e008d3f016fe79fdb34"},"name":"Role List","route":"/file/createFolder","disc":"This is Permission is need for get Roles ","createdAt":"1403/05/26 11:59:52","updatedAt":"1403/05/26 11:59:52","__v":0},
{"_id":{"$oid":"66bf0e008d3f016fe79fdb36"},"name":"Role List","route":"/file/rename","disc":"This is Permission is need for get Roles ","createdAt":"1403/05/26 11:59:52","updatedAt":"1403/05/26 11:59:52","__v":0},
{"_id":{"$oid":"66bf0e008d3f016fe79fdb38"},"name":"Role List","route":"/user/userInformation","disc":"This is Permission is need for get Roles ","createdAt":"1403/05/26 11:59:52","updatedAt":"1403/05/26 11:59:52","__v":0},
{"_id":{"$oid":"66bf0e008d3f016fe79fdb3a"},"name":"Role List","route":"/site/updateFirstPage","disc":"This is Permission is need for get Roles ","createdAt":"1403/05/26 11:59:52","updatedAt":"1403/05/26 11:59:52","__v":0},
{"_id":{"$oid":"66bf0e008d3f016fe79fdb3c"},"name":"Role List","route":"/product/productList","disc":"This is Permission is need for get Roles ","createdAt":"1403/05/26 11:59:52","updatedAt":"1403/05/26 11:59:52","__v":0}]